Team,Mean of Age,Median of Age,Std of Age,Mean of playing_time_matches,Median of playing_time_matches,Std of playing_time_matches,Mean of playing_time_starts,Median of playing_time_starts,Std of playing_time_starts,Mean of playing_time_minutes,Median of playing_time_minutes,Std of playing_time_minutes,Mean of performance_goals,Median of performance_goals,Std of performance_goals,Mean of performance_assists,Median of performance_assists,Std of performance_assists,Mean of performance_yellow_cards,Median of performance_yellow_cards,Std of performance_yellow_cards,Mean of performance_red_cards,Median of performance_red_cards,Std of performance_red_cards,Mean of expected_xg,Median of expected_xg,Std of expected_xg,Mean of expected_xag,Median of expected_xag,Std of expected_xag,Mean of progression_prgc,Median of progression_prgc,Std of progression_prgc,Mean of progression_prgp,Median of progression_prgp,Std of progression_prgp,Mean of progression_prgr,Median of progression_prgr,Std of progression_prgr,Mean of per_90_goals,Median of per_90_goals,Std of per_90_goals,Mean of per_90_assists,Median of per_90_assists,Std of per_90_assists,Mean of per_90_xg,Median of per_90_xg,Std of per_90_xg,Mean of per_90_xag,Median of per_90_xag,Std of per_90_xag,Mean of goalkeeping_ga90,Median of goalkeeping_ga90,Std of goalkeeping_ga90,Mean of goalkeeping_save_pct,Median of goalkeeping_save_pct,Std of goalkeeping_save_pct,Mean of goalkeeping_cs_pct,Median of goalkeeping_cs_pct,Std of goalkeeping_cs_pct,Mean of goalkeeping_pen_save_pct,Median of goalkeeping_pen_save_pct,Std of goalkeeping_pen_save_pct,Mean of shooting_sot_pct,Median of shooting_sot_pct,Std of shooting_sot_pct,Mean of shooting_sot_per90,Median of shooting_sot_per90,Std of shooting_sot_per90,Mean of shooting_goals_per_shot,Median of shooting_goals_per_shot,Std of shooting_goals_per_shot,Mean of shooting_avg_shot_dist,Median of shooting_avg_shot_dist,Std of shooting_avg_shot_dist,Mean of passing_total_completed,Median of passing_total_completed,Std of passing_total_completed,Mean of passing_total_completion_pct,Median of passing_total_completion_pct,Std of passing_total_completion_pct,Mean of passing_total_total_distance,Median of passing_total_total_distance,Std of passing_total_total_distance,Mean of passing_ranges_short_pct,Median of passing_ranges_short_pct,Std of passing_ranges_short_pct,Mean of passing_ranges_medium_pct,Median of passing_ranges_medium_pct,Std of passing_ranges_medium_pct,Mean of passing_ranges_long_pct,Median of passing_ranges_long_pct,Std of passing_ranges_long_pct,Mean of passing_expected_key_passes,Median of passing_expected_key_passes,Std of passing_expected_key_passes,Mean of passing_expected_final_third,Median of passing_expected_final_third,Std of passing_expected_final_third,Mean of passing_expected_penalty_area,Median of passing_expected_penalty_area,Std of passing_expected_penalty_area,Mean of passing_expected_crosses,Median of passing_expected_crosses,Std of passing_expected_crosses,Mean of passing_expected_progressive,Median of passing_expected_progressive,Std of passing_expected_progressive,Mean of creation_sca,Median of creation_sca,Std of creation_sca,Mean of creation_sca90,Median of creation_sca90,Std of creation_sca90,Mean of creation_gca,Median of creation_gca,Std of creation_gca,Mean of creation_gca90,Median of creation_gca90,Std of creation_gca90,Mean of defense_tackles,Median of defense_tackles,Std of defense_tackles,Mean of defense_tackles_won,Median of defense_tackles_won,Std of defense_tackles_won,Mean of defense_challenges,Median of defense_challenges,Std of defense_challenges,Mean of defense_challenges_lost,Median of defense_challenges_lost,Std of defense_challenges_lost,Mean of defense_blocks,Median of defense_blocks,Std of defense_blocks,Mean of defense_shot_blocks,Median of defense_shot_blocks,Std of defense_shot_blocks,Mean of defense_pass_blocks,Median of defense_pass_blocks,Std of defense_pass_blocks,Mean of defense_interceptions,Median of defense_interceptions,Std of defense_interceptions,Mean of possession_touches_total,Median of possession_touches_total,Std of possession_touches_total,Mean of possession_touches_def_pen,Median of possession_touches_def_pen,Std of possession_touches_def_pen,Mean of possession_touches_def_3rd,Median of possession_touches_def_3rd,Std of possession_touches_def_3rd,Mean of possession_touches_mid_3rd,Median of possession_touches_mid_3rd,Std of possession_touches_mid_3rd,Mean of possession_touches_att_3rd,Median of possession_touches_att_3rd,Std of possession_touches_att_3rd,Mean of possession_touches_att_pen,Median of possession_touches_att_pen,Std of possession_touches_att_pen,Mean of possession_take_ons_attempted,Median of possession_take_ons_attempted,Std of possession_take_ons_attempted,Mean of possession_take_ons_success_pct,Median of possession_take_ons_success_pct,Std of possession_take_ons_success_pct,Mean of possession_take_ons_tackled_pct,Median of possession_take_ons_tackled_pct,Std of possession_take_ons_tackled_pct,Mean of possession_carries_total,Median of possession_carries_total,Std of possession_carries_total,Mean of possession_carries_prog_distance,Median of possession_carries_prog_distance,Std of possession_carries_prog_distance,Mean of possession_carries_progressive,Median of possession_carries_progressive,Std of possession_carries_progressive,Mean of possession_carries_final_third,Median of possession_carries_final_third,Std of possession_carries_final_third,Mean of possession_carries_penalty_area,Median of possession_carries_penalty_area,Std of possession_carries_penalty_area,Mean of possession_carries_miscontrols,Median of possession_carries_miscontrols,Std of possession_carries_miscontrols,Mean of possession_carries_dispossessed,Median of possession_carries_dispossessed,Std of possession_carries_dispossessed,Mean of possession_receiving_received,Median of possession_receiving_received,Std of possession_receiving_received,Mean of possession_receiving_progressive,Median of possession_receiving_progressive,Std of possession_receiving_progressive,Mean of miscellaneous_performance_fouls,Median of miscellaneous_performance_fouls,Std of miscellaneous_performance_fouls,Mean of miscellaneous_performance_fouled,Median of miscellaneous_performance_fouled,Std of miscellaneous_performance_fouled,Mean of miscellaneous_performance_offsides,Median of miscellaneous_performance_offsides,Std of miscellaneous_performance_offsides,Mean of miscellaneous_performance_crosses,Median of miscellaneous_performance_crosses,Std of miscellaneous_performance_crosses,Mean of miscellaneous_performance_recoveries,Median of miscellaneous_performance_recoveries,Std of miscellaneous_performance_recoveries,Mean of miscellaneous_aerials_won,Median of miscellaneous_aerials_won,Std of miscellaneous_aerials_won,Mean of miscellaneous_aerials_lost,Median of miscellaneous_aerials_lost,Std of miscellaneous_aerials_lost,Mean of miscellaneous_aerials_win_pct,Median of miscellaneous_aerials_win_pct,Std of miscellaneous_aerials_win_pct
All,26.903289200186446,26.580424366872005,4.26578519408637,21.21881390593047,23.0,10.100071712136407,15.611451942740286,15.0,10.981931496960621,1398.9447852760736,1348.0,930.8137563413356,2.0408997955010224,1.0,3.5647356384892737,1.5112474437627812,1.0,2.229730254149382,2.9918200408997957,2.0,2.646513047731043,0.08588957055214724,0.0,0.3016098814151042,2.051942740286299,0.8,3.139881176094614,1.5165644171779142,0.9,1.9004722386714246,26.503067484662576,15.0,31.212066990463125,52.13905930470348,38.0,50.71688017178482,51.7321063394683,25.0,65.08849439276145,0.11875255623721881,0.03,0.1821858347957232,0.08826175869120655,0.04,0.12196161797883553,0.13040899795501024,0.07,0.15866062218970714,0.0947034764826176,0.07,0.09919741457095256,1.6561904761904762,1.4849999999999999,0.7693961914509845,66.71428571428571,68.15,11.114779688600779,24.788095238095234,17.9,25.10080362508051,17.848148148148148,0.0,29.401613906125977,29.65522041763341,30.0,20.20997944569685,0.38899795501022494,0.22,0.4474005269925221,0.07874709976798143,0.06,0.09875178460412412,16.724129930394433,16.4,5.064047707425241,560.6973415132925,459.0,465.50355073953483,79.18179959100203,80.2,8.34689350483552,9627.936605316974,7340.0,8396.674441607815,88.80122699386504,89.9,6.792130098745623,84.02699386503068,85.7,10.218779289423267,54.15495867768595,53.45,15.574352363776928,13.846625766871165,8.0,15.6031402453945,43.64212678936605,29.0,45.26412405664158,11.785276073619633,6.0,14.633812602542513,2.820040899795501,1.0,4.389855014405841,52.13905930470348,38.0,50.71688017178482,32.353783231083845,21.0,32.7628023876008,2.05,1.79,1.4199704164547082,3.529652351738241,2.0,4.2714790027221605,0.21067484662576688,0.15,0.22088160401685886,25.004089979550102,17.0,22.952552262633805,14.957055214723926,10.0,14.07445789652168,22.807770961145195,17.0,20.661495553439753,11.202453987730062,8.0,10.552266194256873,15.494887525562373,12.0,13.899392398768608,5.214723926380368,2.0,7.358564485436823,10.280163599182004,8.0,9.522257961980023,11.335378323108385,7.0,11.881329025660579,848.1349693251534,748.0,631.2653554243783,96.0,31.0,178.5908755218814,280.41104294478527,159.0,310.71767264016097,360.7689161554192,281.0,320.2306766144203,215.31697341513294,143.0,213.3458953045032,35.0838445807771,21.0,41.787458958071575,25.87321063394683,14.0,31.755667464330404,46.46022471910112,44.8,22.42855955546792,42.537528089887644,43.8,21.410917653776526,475.2760736196319,405.0,363.5163754008228,1320.7402862985684,1042.0,1111.2951903223213,26.503067484662576,15.0,31.212066990463125,17.807770961145195,13.0,18.532422323952563,8.23721881390593,2.0,14.52728373017552,19.347648261758692,13.0,19.805762729212496,13.386503067484663,8.0,14.987833243280088,554.8650306748466,484.0,426.31246499665673,51.7321063394683,25.0,65.08849439276145,15.713701431492842,12.0,14.048358970176427,15.25357873210634,10.0,15.00864206221462,2.4212678936605316,1.0,4.02278826665434,24.893660531697343,9.0,36.44607712220397,58.97750511247444,46.0,47.13472042976694,18.351738241308794,10.0,21.62162989102479,18.372188139059304,13.0,18.83678069316952,49.05622406639004,50.0,21.872359184952916
Arsenal,26.508711343413605,26.88877481177276,3.82273655946962,23.272727272727273,23.5,8.066283844803321,17.5,16.5,10.395740886123923,1564.4545454545455,1478.5,902.9764921937589,2.8181818181818183,2.0,2.8053751745764544,2.3181818181818183,1.5,2.7496556258204516,2.909090909090909,2.5,1.9738550848793068,0.22727272727272727,0.0,0.5284134548067253,2.5636363636363635,1.65,2.6409856483527494,1.9318181818181819,0.9,2.187711647151482,35.31818181818182,23.0,32.69685635629847,77.0,56.5,62.4431169717116,75.95454545454545,52.0,77.48823399024143,0.16272727272727272,0.10500000000000001,0.16406101705163634,0.13727272727272727,0.10500000000000001,0.14998989864977474,0.1527272727272727,0.1,0.1416629742325011,0.11954545454545454,0.09,0.11712741424974414,0.89,0.89,,74.1,74.1,,34.3,34.3,,0.0,0.0,,27.861904761904764,30.9,16.67769397100439,0.4090909090909091,0.22,0.4097026690861033,0.13714285714285715,0.14,0.1296974501346444,14.642857142857142,15.0,4.969262664477641,717.6818181818181,468.5,560.3350516698648,82.32272727272726,82.95,6.265698898286022,11757.954545454546,7398.0,9938.890938785555,90.88636363636364,91.75,4.6746831269790174,84.95454545454545,86.3,7.859463647805034,55.31818181818182,53.349999999999994,9.762495600322717,17.5,10.0,17.781076082922166,58.09090909090909,40.5,52.91854395551993,18.272727272727273,9.0,18.49371017447056,3.0,1.5,3.625307868699863,77.0,56.5,62.4431169717116,39.86363636363637,25.0,34.14297034884962,2.4499999999999997,2.24,1.4035600993120858,5.0,3.0,5.597618541248887,0.2922727272727273,0.24,0.299474648234312,24.636363636363637,19.5,20.726209435778593,14.681818181818182,12.0,12.63549936313734,21.363636363636363,21.0,14.85660172174696,10.636363636363637,11.0,7.575307345928704,13.681818181818182,10.0,11.16707048439577,4.409090909090909,1.5,6.835893301495952,9.272727272727273,7.5,7.88719165532271,9.636363636363637,6.0,8.866982385421583,1008.9545454545455,771.5,673.6841479275218,75.81818181818181,25.0,170.01334299559193,254.45454545454547,125.0,337.02631341000057,439.0,296.0,390.8871472749672,323.09090909090907,225.0,237.0239909679446,53.77272727272727,38.5,50.36148549019599,30.59090909090909,23.5,29.146034755886465,49.26818181818182,44.65,22.443248775175476,37.404545454545456,36.4,18.057486965185255,593.2727272727273,427.0,410.16003634100605,1677.6363636363637,1358.0,1143.7038638295003,35.31818181818182,23.0,32.69685635629847,21.954545454545453,19.5,18.367873798531715,12.136363636363637,4.5,15.458994775874643,20.136363636363637,15.5,15.94423452908965,15.863636363636363,13.5,13.52350847174214,710.8636363636364,552.0,492.201884195088,75.95454545454545,52.0,77.48823399024143,16.954545454545453,14.0,11.273556386210767,17.045454545454547,17.0,12.40382918114315,3.5454545454545454,2.0,3.6868785704269667,32.18181818181818,11.0,42.690063931101804,59.68181818181818,49.5,41.36755844589926,19.90909090909091,10.5,19.786741811504783,19.363636363636363,15.5,17.646112358966818,47.82727272727273,51.15,19.01468559819668
Aston Villa,27.286105407255302,27.750171115674195,4.117975234481269,20.115384615384617,22.0,10.412787995832522,14.576923076923077,12.5,11.696745109381762,1300.5384615384614,1094.5,947.9716970783138,1.9615384615384615,1.0,3.3997737481281805,1.5384615384615385,0.0,2.4695063349709265,2.4615384615384617,2.0,2.26681749121131,0.038461538461538464,0.0,0.19611613513818402,1.9653846153846155,0.8,3.0668475420460415,1.4423076923076923,0.45,2.067495698070122,24.5,16.5,24.34460925954656,46.92307692307692,34.5,48.96686477766211,44.84615384615385,19.5,53.75774720554596,0.1673076923076923,0.035,0.2856369400803431,0.07615384615384616,0.0,0.09753263753541881,0.17923076923076925,0.07,0.2412786451706504,0.07692307692307693,0.05,0.07698151626302152,1.6800000000000002,1.6800000000000002,0.45254833995939026,61.150000000000006,61.150000000000006,7.848885271170681,58.8,58.8,58.265598769771515,50.0,50.0,,30.339130434782607,29.4,21.76192962555637,0.46115384615384614,0.195,0.6902887912929018,0.0782608695652174,0.06,0.08177864657459868,16.817391304347826,16.7,4.6533128154147105,521.8461538461538,504.5,428.4752214359839,81.93076923076923,82.3,6.985171106323405,8968.538461538461,7476.5,8012.990558989918,90.51538461538462,91.5,5.405307932593098,86.84615384615384,86.95,7.774380014855501,54.72692307692308,53.9,15.327819354162749,12.5,6.5,15.357734207883663,40.80769230769231,24.0,47.55882187840168,10.846153846153847,7.5,13.07422596620483,1.9230769230769231,0.0,3.825421042688785,46.92307692307692,34.5,48.96686477766211,29.615384615384617,20.0,30.728588543018926,2.007307692307692,1.825,1.2512251841848698,3.576923076923077,2.0,3.971630163276303,0.2253846153846154,0.18,0.19922310647574532,22.23076923076923,11.5,21.117400772458133,12.807692307692308,6.0,12.871734089140377,19.153846153846153,12.5,19.447760401017504,8.423076923076923,6.0,8.37698311767704,11.423076923076923,11.0,9.252775051510014,3.8846153846153846,3.0,4.357310391302626,7.538461538461538,6.0,6.5129456882781955,8.538461538461538,6.0,8.51929935725125,762.6538461538462,700.0,575.9681201113611,93.42307692307692,34.0,197.60752477108218,260.0769230769231,147.0,305.1048243573901,328.15384615384613,262.0,303.6954648733092,181.92307692307693,117.5,175.15180229205137,32.26923076923077,20.5,38.911754205954466,24.73076923076923,17.0,31.214814037322334,51.356,47.8,25.298387300379446,37.52,38.9,23.214219780126147,431.9230769230769,424.0,318.3938344977079,1244.3461538461538,1141.5,945.7441490089249,24.5,16.5,24.34460925954656,15.307692307692308,13.5,13.439551274560417,6.884615384615385,2.0,10.882378133760737,17.5,10.0,22.323530186778253,13.73076923076923,8.5,15.591171071623048,510.1923076923077,494.0,387.8254266270606,44.84615384615385,19.5,53.75774720554596,14.076923076923077,8.5,13.838852775929302,17.23076923076923,10.0,18.256632093149474,1.8846153846153846,0.5,2.970884354220784,20.26923076923077,4.0,35.39893522953219,49.0,40.0,37.35665937955373,13.346153846153847,9.5,12.162046892500644,14.423076923076923,10.0,14.28054082147613,43.156000000000006,50.0,22.627952477706266
Bournemouth,26.481117757343096,26.01095140314853,3.83986247577315,22.217391304347824,26.0,10.180000543575314,16.695652173913043,17.0,11.632379505691295,1494.608695652174,1670.0,1004.3940615266696,2.347826086956522,1.0,3.5879684762496544,1.6956521739130435,1.0,2.0545909260769615,3.869565217391304,3.0,3.0793202884297664,0.08695652173913043,0.0,0.2881040655200304,2.682608695652174,1.1,3.5771563330151,1.808695652173913,1.1,1.874206024252369,29.869565217391305,19.0,34.65322279099553,58.47826086956522,43.0,52.052307227893714,57.65217391304348,31.0,71.61171101258645,0.13521739130434782,0.03,0.18007244918788032,0.10043478260869565,0.04,0.11451392376116482,0.1808695652173913,0.08,0.20232541393144277,0.1282608695652174,0.1,0.14858888291686637,1.0833333333333333,1.0,0.14433756729740643,80.0,80.0,4.599999999999994,15.0,20.0,13.228756555322953,0.0,0.0,,25.02,29.7,16.673035274453117,0.5382608695652175,0.15,0.6496058397486688,0.06,0.065,0.056661506472996934,15.805000000000001,16.450000000000003,4.375948017587912,504.7826086956522,436.0,408.761205742617,73.9304347826087,74.3,6.575673818401266,9147.95652173913,7088.0,7897.391724074364,86.84347826086957,88.0,7.089930509145059,81.62173913043478,78.3,10.801807783116638,46.660869565217396,47.8,17.887546178847316,17.782608695652176,11.0,16.55831711293899,48.21739130434783,37.0,47.725499684739844,13.217391304347826,7.0,13.869379358661526,4.043478260869565,2.0,5.530726245831023,58.47826086956522,43.0,52.052307227893714,40.78260869565217,28.0,36.34550931588152,2.5721739130434784,2.35,1.868110266654366,3.9565217391304346,2.0,4.1939161658674236,0.22826086956521738,0.21,0.2068739663289319,27.956521739130434,21.0,23.43361660844904,16.130434782608695,10.0,14.50800515021742,25.608695652173914,25.0,21.31098549496945,13.565217391304348,13.0,10.710343712999732,18.82608695652174,16.0,16.694180188733828,5.739130434782608,3.0,7.2627154407372,13.08695652173913,8.0,12.641608943478749,14.391304347826088,10.0,15.622650020911603,852.4782608695652,783.0,626.5489801331806,90.26086956521739,44.0,153.4657845761495,257.30434782608694,159.0,280.4485748975297,365.95652173913044,316.0,322.8818357261635,239.7391304347826,133.0,238.20430829462043,39.52173913043478,19.0,48.0821924749858,27.08695652173913,16.0,32.48623910558587,43.230000000000004,41.150000000000006,19.226492139753418,42.83,45.099999999999994,19.17059425814772,458.3478260869565,483.0,342.49852138972835,1442.0869565217392,1183.0,1300.3993062637435,29.869565217391305,19.0,34.65322279099553,21.08695652173913,17.0,20.42706102537483,9.08695652173913,1.0,16.028137314446457,23.52173913043478,18.0,21.605701194607686,14.08695652173913,8.0,17.22290505396879,499.69565217391306,435.0,370.4772640285168,57.65217391304348,31.0,71.61171101258645,20.52173913043478,16.0,17.98451244118215,15.608695652173912,10.0,13.89486213230953,2.739130434782609,0.0,5.074153680479389,32.95652173913044,10.0,41.37245269375788,73.21739130434783,59.0,57.25378631523709,23.17391304347826,20.0,21.29586424618862,24.608695652173914,22.0,20.979945251758842,50.18181818181818,47.0,18.40014586804594
Brentford,26.210195234835894,24.84873374401095,3.9137246015702765,23.523809523809526,28.0,11.382526290850585,18.333333333333332,21.0,13.297869503545796,1638.095238095238,1913.0,1122.0364479268,2.9047619047619047,0.0,5.539898572219188,1.9523809523809523,2.0,2.4387740870402586,2.5238095238095237,2.0,1.8873009198071093,0.047619047619047616,0.0,0.21821789023599236,2.6095238095238096,0.8,4.196773136816519,1.8952380952380952,1.2,2.2310258157350376,25.857142857142858,12.0,32.37635821751068,58.285714285714285,52.0,54.4941674467487,57.57142857142857,27.0,77.18003072594065,0.11571428571428573,0.0,0.194642529488584,0.09857142857142859,0.09,0.10412904082366813,0.12095238095238095,0.06,0.16080748620337182,0.10428571428571429,0.08,0.08941875801930087,1.385,1.385,0.2050609665440988,61.55,61.55,16.334166645409244,58.8,58.8,58.265598769771515,0.0,0.0,,30.88888888888889,34.8,17.79801340166232,0.31523809523809526,0.17,0.38166240380235317,0.07833333333333334,0.05,0.0867213251472446,15.933333333333334,15.3,4.311680442158732,582.2380952380952,489.0,445.7851393622161,76.69047619047619,77.3,7.844291221130482,10679.142857142857,7626.0,9438.228193287734,86.79523809523809,87.7,7.6692552565732335,82.28571428571429,79.9,9.731355800415773,54.84285714285714,55.0,13.492574677524352,14.523809523809524,9.0,17.53744293681108,48.095238095238095,42.0,40.919316663288456,14.0,7.0,18.700267377767624,3.9047619047619047,2.0,5.271667306505238,58.285714285714285,52.0,54.4941674467487,34.095238095238095,21.0,35.68880043081409,1.8747619047619046,1.72,1.1583161012764134,5.0,2.0,5.822370651203855,0.27904761904761904,0.2,0.2717150117660922,27.523809523809526,25.0,22.234250712850763,16.523809523809526,17.0,12.890380318745635,25.476190476190474,26.0,20.60247326807888,11.857142857142858,11.0,10.518011762142665,21.19047619047619,17.0,19.307042879786245,8.714285714285714,4.0,12.94273099906993,12.476190476190476,13.0,10.385658609924782,12.761904761904763,8.0,12.3000193573212,937.047619047619,804.0,669.6892171888746,145.57142857142858,52.0,290.90867491853373,366.4761904761905,232.0,421.0808258574141,349.04761904761904,348.0,279.643787020287,230.04761904761904,160.0,234.9209390817422,43.0,24.0,47.19110085598767,27.333333333333332,13.0,33.91066695500596,48.76315789473684,46.5,19.880090837214663,42.09473684210526,42.1,16.47629521748039,493.6666666666667,410.0,361.55391483613244,1371.5714285714287,1204.0,1143.6432822969134,25.857142857142858,12.0,32.37635821751068,15.952380952380953,11.0,18.81615314158606,9.19047619047619,1.0,17.531739923975167,23.285714285714285,14.0,26.448332380592273,12.571428571428571,8.0,13.544635205761095,573.5238095238095,497.0,410.8683023850366,57.57142857142857,27.0,77.18003072594065,13.333333333333334,12.0,10.822815406969358,15.047619047619047,10.0,14.579012965479489,2.9523809523809526,1.0,4.477456761111049,29.523809523809526,14.0,45.98545318643609,71.0,50.0,55.45087916345421,27.523809523809526,12.0,31.921182696790932,23.952380952380953,14.0,23.96137765337417,54.88571428571428,55.5,19.609826254056554
Brighton,26.442636760911913,24.761122518822724,5.157495733634709,20.076923076923077,22.5,10.221244843650219,14.653846153846153,13.5,9.943610240520522,1307.9615384615386,1271.5,881.6453926956906,2.076923076923077,1.0,3.08445232640191,1.4230769230769231,1.0,1.6290629680421054,2.8846153846153846,2.5,2.581889588296495,0.11538461538461539,0.0,0.32581259360842113,2.0,0.75,2.7251421981247144,1.4,1.25,1.4218298069740978,27.884615384615383,19.0,30.615456126704267,53.03846153846154,41.0,50.64660365254971,52.26923076923077,29.5,64.15266647135266,0.11576923076923078,0.045,0.14442085934997279,0.09884615384615386,0.04,0.1338156021718521,0.11884615384615384,0.08499999999999999,0.1163899281923285,0.10192307692307692,0.08499999999999999,0.08054907725203217,1.085,1.085,0.8273149339882605,69.85,69.85,7.283199846221443,34.1,34.1,22.48599564173221,0.0,0.0,,29.629166666666666,29.0,22.27735210177966,0.32499999999999996,0.255,0.30817202987941655,0.08125,0.055,0.09142887470834792,17.224999999999998,16.1,3.8800773188172424,551.5384615384615,398.5,490.9256750889471,80.04230769230769,81.35,7.944969380780423,9400.461538461539,5888.5,9378.906188808029,89.97692307692309,90.95,6.0777171827789225,81.93076923076923,82.75,10.742021010248276,56.36923076923077,54.25,13.562883741469417,12.5,13.0,10.195096860746347,41.07692307692308,29.0,49.65071848577668,11.615384615384615,8.5,10.58707484842503,3.0384615384615383,1.5,3.9036472097849133,53.03846153846154,41.0,50.64660365254971,31.653846153846153,26.5,23.677740276795515,2.4615384615384617,2.8099999999999996,1.2276667049576355,3.8076923076923075,3.0,2.9532250949662573,0.32076923076923075,0.3,0.2722928287990424,24.23076923076923,17.0,19.614907988176117,14.76923076923077,11.0,12.027660428554482,24.346153846153847,18.5,18.594498772900135,12.423076923076923,10.0,9.12654623358947,15.346153846153847,12.5,12.247260290178557,4.269230769230769,2.0,5.568178821178016,11.076923076923077,10.5,10.03961384485709,11.153846153846153,9.5,9.878025339883706,824.2692307692307,658.0,624.8963791024754,91.92307692307692,28.5,203.56127786529993,265.2692307692308,139.0,334.1089113079515,358.7692307692308,258.5,332.90711109164465,209.34615384615384,158.0,182.25892401914203,36.11538461538461,17.5,43.24934859447196,27.846153846153847,12.5,32.67009924403941,45.268,42.9,22.03640397161025,46.611999999999995,46.2,21.258729971472892,484.53846153846155,394.0,391.41898071189456,1454.5,1142.0,1447.0183205474627,27.884615384615383,19.0,30.615456126704267,19.576923076923077,17.0,18.927594832779103,8.923076923076923,3.0,15.496897952617683,19.884615384615383,13.0,19.547535748685917,11.807692307692308,7.0,12.790681704332199,543.1538461538462,425.0,429.8588319258026,52.26923076923077,29.5,64.15266647135266,15.5,12.0,12.497199686329733,14.423076923076923,9.5,14.838256169572158,1.5769230769230769,1.0,1.8584526235140226,23.5,10.0,28.55626025935469,56.19230769230769,49.0,44.40902541670486,18.192307692307693,14.5,18.929382939270326,16.346153846153847,14.0,15.176145248889277,50.652,53.8,20.512112681697772
Chelsea,24.024383983572893,24.213552361396303,2.36871377026063,20.583333333333332,23.5,11.240132548602125,15.458333333333334,13.5,12.025260249074487,1390.2916666666667,1200.5,1046.9193930669687,2.4166666666666665,1.0,3.763863263545405,1.8333333333333333,1.0,2.315668119696713,3.875,3.0,3.2612680915891277,0.041666666666666664,0.0,0.20412414523193148,2.7375000000000003,0.8500000000000001,4.3422907699087565,2.0749999999999997,1.05,2.544772988935829,33.375,15.0,42.08667299131948,60.125,34.5,64.91687829029152,61.375,15.0,77.70390427211773,0.14708333333333332,0.05,0.21010306304632798,0.13791666666666666,0.065,0.18989652025721035,0.16291666666666668,0.08499999999999999,0.18421346706816893,0.16083333333333333,0.095,0.17512521400332434,1.3,1.3,0.28284271247461895,73.85,73.85,3.464823227814082,22.15,22.15,7.707463914933371,10.0,10.0,14.142135623730951,28.761904761904763,33.3,22.24638119313962,0.47291666666666665,0.31,0.5014889063462977,0.07857142857142857,0.07,0.08070227470683303,15.40952380952381,15.1,4.628056261747989,668.0416666666666,525.5,606.5196135877773,83.54166666666667,84.25,6.438600757163387,11577.208333333334,7782.0,10892.059301356901,90.77083333333333,91.55,5.839407293230358,88.08333333333333,90.15,7.415299499458308,56.824999999999996,57.5,18.55692183057543,18.0,8.5,22.35290079414847,55.875,27.5,60.48953376950574,13.666666666666666,6.0,17.56148618714969,2.9583333333333335,0.0,5.6605358992472325,60.125,34.5,64.91687829029152,41.625,16.5,48.78507656704223,2.435416666666667,2.24,1.6904102387770605,4.291666666666667,2.5,4.822764556871348,0.26125000000000004,0.23,0.246916858036483,21.75,12.5,24.612209765992517,13.666666666666666,9.0,15.196300083634963,20.25,12.0,23.337318500260665,10.25,6.5,12.442039536429986,13.333333333333334,9.0,14.211650660382617,3.9166666666666665,1.5,5.830330490048434,9.416666666666666,6.5,10.34162827422833,10.291666666666666,7.5,11.837593640111397,933.75,821.0,789.044840848456,88.54166666666667,20.0,186.59744608128474,276.75,126.5,347.1889912600541,418.4166666666667,267.5,427.14796506359596,246.625,127.0,263.9467687605409,43.708333333333336,14.0,53.167887633065874,29.875,14.0,34.64015325299968,44.49090909090909,45.05,17.350090135374735,42.059090909090905,40.0,21.07945646473089,541.5416666666666,485.0,432.5776109471613,1563.4583333333333,1459.0,1221.779706150957,33.375,15.0,42.08667299131948,18.583333333333332,11.5,19.59129502048576,12.5,1.5,22.358735283514157,17.541666666666668,9.5,20.25914536732714,11.458333333333334,6.5,12.307576905116713,664.5,586.0,554.4761726954157,61.375,15.0,77.70390427211773,16.333333333333332,10.5,16.502085946319337,16.916666666666668,11.0,17.181680503592663,2.5416666666666665,1.0,4.77292332867911,25.541666666666668,3.5,41.77057333939109,58.875,44.5,52.444846806161415,14.291666666666666,9.5,17.076500931337517,14.458333333333334,8.5,15.09384892472158,44.904347826086955,38.5,26.49597702329492
Crystal Palace,27.018418268931615,27.029774127310063,3.2879588653498115,22.954545454545453,28.0,11.569571226064443,17.454545454545453,17.5,13.088443731298206,1561.7727272727273,1538.0,1108.3459977143198,1.8181818181818181,0.0,3.347157481126815,1.4545454545454546,0.5,2.063913820812356,3.5,2.0,3.3345235970146647,0.18181818181818182,0.0,0.3947710169758614,2.418181818181818,1.05,3.4363098096977676,1.8272727272727274,1.15,2.1166419537024113,20.772727272727273,11.0,22.599898478874,48.18181818181818,41.0,39.63480476699423,47.09090909090909,10.5,64.27019533701457,0.08136363636363636,0.0,0.12825924099429598,0.05772727272727273,0.015,0.07812882025291662,0.12272727272727274,0.07,0.13624843618785637,0.09454545454545454,0.1,0.07731982267410457,1.37,1.37,,67.1,67.1,,28.6,28.6,,50.0,50.0,,33.04761904761905,36.4,23.34526973602188,0.4786363636363637,0.325,0.4743646924802282,0.05952380952380952,0.0,0.08393307991943288,18.32857142857143,17.7,5.884313286794208,500.77272727272725,500.0,395.0674362950953,75.17727272727274,75.6,6.518320833888623,9005.863636363636,7785.0,7598.926266854476,85.3409090909091,85.35,5.395911952660627,81.62272727272727,82.55,9.2899808712798,47.88636363636363,46.7,14.628195066688539,15.363636363636363,7.5,16.24967532143175,37.63636363636363,27.0,31.872581819825513,11.5,4.0,12.618014333257262,2.909090909090909,1.0,4.31949171292279,48.18181818181818,41.0,39.63480476699423,35.95454545454545,26.5,35.4837015204597,2.1163636363636367,1.975,1.5320311617325153,3.4545454545454546,3.0,3.4327175507970042,0.165,0.14,0.16618263046018578,31.863636363636363,20.5,29.823760828519095,18.863636363636363,13.0,18.770025381278863,27.181818181818183,23.0,22.18673212194807,13.5,14.0,10.121876355319745,20.045454545454547,17.5,18.198579936036538,5.863636363636363,2.5,6.868114418892254,14.181818181818182,11.5,13.026114297043984,13.681818181818182,11.0,14.37387300306445,854.2272727272727,861.0,632.1674681539757,106.45454545454545,27.0,213.18329409950698,318.90909090909093,179.0,361.85604992289524,355.90909090909093,355.0,274.0460352517975,187.5909090909091,113.0,188.8704920588782,32.5,16.5,36.48450421232344,20.272727272727273,11.0,29.59115346917663,44.08421052631579,40.0,22.10297273012777,45.23157894736842,44.6,23.881863239974923,428.3636363636364,428.5,317.18532144241505,1057.6818181818182,960.0,799.9285912394,20.772727272727273,11.0,22.599898478874,14.681818181818182,9.5,14.160260838451636,4.909090909090909,1.0,7.463620281447048,20.545454545454547,15.5,21.176643181822197,14.0,10.0,14.369279400032227,496.04545454545456,528.0,356.7426012544388,47.09090909090909,10.5,64.27019533701457,17.181818181818183,11.5,16.30260383420059,17.136363636363637,18.5,15.95020661023207,2.9545454545454546,1.0,4.884155848760188,25.681818181818183,9.0,32.464466088965004,69.86363636363636,60.0,54.63061713914944,21.5,14.0,22.212716220776827,26.90909090909091,18.0,25.944829911452477,44.39545454545455,44.900000000000006,21.487016617410692
Everton,27.889957065521745,26.543463381245722,5.158458612383699,21.90909090909091,24.0,10.13202885201225,17.272727272727273,15.0,10.90295642816474,1542.9545454545455,1357.5,935.1971260125667,1.4545454545454546,0.5,2.154226692038849,0.9090909090909091,1.0,1.1087999050492516,3.227272727272727,3.0,2.287269492561323,0.09090909090909091,0.0,0.29424494316824984,1.6409090909090909,0.9,2.050007918895063,1.231818181818182,0.75,1.140754288319946,19.636363636363637,12.0,20.931965654166024,41.81818181818182,38.5,36.58341591959832,41.81818181818182,24.0,41.55619988542924,0.08636363636363636,0.015,0.13134996708341368,0.06136363636363637,0.03,0.08526124863899497,0.10181818181818182,0.045,0.1234672257895019,0.07,0.05,0.06301927142889366,1.23,1.23,,71.1,71.1,,28.6,28.6,,100.0,100.0,,32.6,35.95,23.757303586143998,0.32045454545454544,0.18,0.3657409605396286,0.08249999999999999,0.05,0.10823342221426119,17.115000000000002,17.05,5.421426788314367,465.6363636363636,428.5,348.1773693385033,73.61818181818181,73.80000000000001,8.586625057036663,8800.59090909091,7396.5,7929.070038902304,84.86363636363636,86.45,7.832991610857089,78.55909090909091,82.44999999999999,13.512839012650826,56.2,53.8,15.813436119476437,11.818181818181818,8.0,10.14014353066616,41.31818181818182,36.5,35.48760529917636,10.045454545454545,8.0,10.334764598545982,3.6818181818181817,1.0,5.419421543867008,41.81818181818182,38.5,36.58341591959832,28.227272727272727,24.5,20.339808067132598,1.6977272727272728,1.655,1.0406725472738054,2.3636363636363638,2.0,2.127942322559173,0.15181818181818182,0.1,0.14805521375603875,30.59090909090909,26.0,28.464947685763395,18.045454545454547,14.5,17.061449926459165,27.09090909090909,23.5,22.70495874286389,12.954545454545455,8.5,11.610657143648647,16.136363636363637,13.0,14.54482547340971,5.818181818181818,3.0,9.414458807177109,10.318181818181818,7.5,8.747170228878996,13.727272727272727,9.5,13.169885627669187,796.1363636363636,746.5,526.5536010751373,101.4090909090909,31.0,217.8718843923144,287.3181818181818,170.0,361.54857229682176,322.04545454545456,301.5,241.72366696050094,195.04545454545453,180.5,149.9207655087711,29.40909090909091,19.0,26.638066372891632,26.454545454545453,18.0,30.288654598753595,44.2047619047619,46.0,20.793303638202282,48.61904761904762,46.5,21.734848033690483,388.90909090909093,377.5,255.9678010053514,1029.909090909091,761.5,840.5999506639749,19.636363636363637,12.0,20.931965654166024,14.454545454545455,10.0,11.979058205795459,5.0,2.0,7.151423434733616,21.181818181818183,12.5,20.613533149796254,15.818181818181818,11.0,14.64057103894245,460.09090909090907,439.5,286.8933614878547,41.81818181818182,24.0,41.55619988542924,17.863636363636363,15.0,14.021396759936831,15.227272727272727,14.0,12.968576740875719,3.4545454545454546,1.0,6.3300287573804965,28.272727272727273,6.5,37.02660795927297,62.40909090909091,56.0,48.08886525006553,24.90909090909091,10.5,29.659831889368952,23.363636363636363,15.0,23.759800894118165,45.31818181818182,48.8,21.229351567237465
Fulham,28.826472409634626,28.736481861738536,3.4341604708784543,24.428571428571427,28.0,9.55286045418559,17.047619047619047,17.0,11.616695702635026,1532.8095238095239,1592.0,972.2030970454487,2.3333333333333335,1.0,3.3065591380365986,2.0,1.0,2.588435821108957,3.3333333333333335,2.0,3.0386400466875525,0.047619047619047616,0.0,0.21821789023599236,2.1761904761904765,1.1,2.7391430707257265,1.6904761904761905,1.0,1.904705951559128,33.76190476190476,27.0,36.80340305176243,63.42857142857143,50.0,49.921509821490204,67.14285714285714,47.0,72.22623187892728,0.16904761904761903,0.03,0.24225822508028003,0.10761904761904761,0.09,0.11751190415888776,0.15095238095238095,0.1,0.15247638380761666,0.10523809523809524,0.1,0.08047478161629566,1.34,1.34,,68.3,68.3,,14.3,14.3,,0.0,0.0,,29.54,30.9,19.15983737981752,0.540952380952381,0.36,0.5781946450971746,0.0765,0.055,0.0920683384631678,16.4,15.5,4.368788824087711,640.1428571428571,641.0,487.1859281336322,80.30952380952381,81.5,8.128585655690959,11136.761904761905,10740.0,9024.150352829689,88.54285714285714,89.8,6.675370508711215,83.93809523809524,84.6,9.06346932418686,59.352380952380955,60.0,13.261697442168519,17.095238095238095,10.0,17.090654644877596,50.80952380952381,43.0,41.69366744197378,14.238095238095237,9.0,19.28186910521063,4.571428571428571,2.0,7.379508307275144,63.42857142857143,50.0,49.921509821490204,39.04761904761905,31.0,32.34575117457653,2.607142857142857,2.31,1.758403090469142,4.238095238095238,3.0,4.3463175436771975,0.2357142857142857,0.18,0.19938835042628317,28.428571428571427,22.0,23.56177291413239,17.238095238095237,12.0,14.778040336610132,23.904761904761905,18.0,21.090056334454776,11.857142857142858,9.0,11.472949552254267,14.619047619047619,13.0,10.758606742864943,3.5714285714285716,2.0,4.202040320742158,11.047619047619047,11.0,8.200464562914656,11.904761904761905,8.0,13.490384582749158,948.8095238095239,919.0,661.0771225089867,100.28571428571429,23.0,239.03161775320496,299.23809523809524,155.0,369.2665574841438,387.8095238095238,381.0,311.6919342953261,272.2857142857143,212.0,229.36437013127016,39.95238095238095,32.0,38.81427081689954,27.80952380952381,19.0,27.350720370072608,42.28,42.85,18.5989416790028,39.345,41.7,12.852379464314648,560.4761904761905,533.0,405.0759952215904,1537.047619047619,1216.0,1302.976917531177,33.76190476190476,27.0,36.80340305176243,23.714285714285715,18.0,23.8959052080955,9.619047619047619,5.0,11.27597530360984,21.952380952380953,15.0,18.424104294310187,11.952380952380953,8.0,11.804559248342102,634.8095238095239,617.0,437.66649621002733,67.14285714285714,47.0,72.22623187892728,18.095238095238095,16.0,14.635247732460021,14.857142857142858,14.0,11.266258093465257,1.9523809523809523,1.0,3.2630689615175235,39.23809523809524,17.0,52.23304008183399,65.85714285714286,57.0,44.95362689960146,20.38095238095238,12.0,21.6967190848667,21.61904761904762,18.0,21.46736171604743,45.07142857142857,46.4,21.414904689424674
Ipswich Town,26.912320328542094,26.71184120465435,3.15508166948351,18.2,18.5,9.01493014488972,12.833333333333334,11.5,9.684980669816161,1146.7666666666667,984.5,798.9912900709215,1.1333333333333333,0.0,2.315365962484092,0.8333333333333334,0.0,1.0854312136382618,2.966666666666667,2.0,2.6455340811852426,0.16666666666666666,0.0,0.3790490217894517,1.07,0.6,1.7597315626008967,0.7100000000000001,0.4,0.9714369023114232,15.066666666666666,9.0,18.26799223313512,27.666666666666668,20.0,25.77265770264043,27.233333333333334,14.5,35.37063201577549,0.09166666666666666,0.0,0.15090721820293132,0.06766666666666668,0.0,0.10358016496758751,0.09133333333333334,0.04,0.11437184767341081,0.057,0.03,0.05820001184974402,2.316666666666667,2.45,0.43558389930452346,62.1,58.7,6.863672486358887,7.433333333333333,5.6,8.499607834090543,0.0,0.0,0.0,28.754166666666666,22.85,24.496139521346525,0.2986666666666667,0.085,0.4006006983771121,0.07375,0.07500000000000001,0.07977209384566597,16.566666666666666,16.2,5.287858666356573,347.06666666666666,226.0,310.1868106017152,75.11333333333333,75.7,8.13653884448517,6204.0,4256.5,5602.85801453459,87.14333333333335,87.0,7.3549740773275945,81.58666666666666,84.4,10.944837653632316,48.521428571428565,50.0,13.252151667164236,8.266666666666667,4.5,11.08255333872782,26.266666666666666,18.0,28.85150248084662,4.9,4.0,5.984750736606357,1.5,0.0,2.837556014941561,27.666666666666668,20.0,25.77265770264043,19.166666666666668,13.0,21.091072360914545,1.5193333333333332,1.395,1.2287305850245256,1.8666666666666667,1.0,2.0800088417141875,0.14133333333333334,0.11,0.1605106792737466,18.4,12.5,16.581252396441073,10.5,8.0,9.47501251022739,18.733333333333334,12.0,16.794772038229393,9.8,6.5,9.440923391425153,13.433333333333334,8.0,13.957282942121536,5.766666666666667,2.0,9.62641242062452,7.666666666666667,6.5,7.562764196962019,9.666666666666666,6.5,9.44067988979656,580.0666666666667,438.5,467.2063660800729,93.56666666666666,28.0,133.9906541602766,238.9,127.5,253.51995772624537,228.16666666666666,163.0,214.5089152288167,119.46666666666667,102.5,122.43358039849772,17.766666666666666,11.5,21.382692539291796,19.0,8.0,27.014683108418573,44.304545454545455,45.4,11.71366630713793,45.25454545454546,43.349999999999994,8.985688476827885,285.93333333333334,224.0,222.54343757836446,780.4,597.5,623.8107361073218,15.066666666666666,9.0,18.26799223313512,9.966666666666667,6.5,11.07181364868757,4.433333333333334,1.5,7.654988607092283,16.733333333333334,11.0,21.00563690082249,10.633333333333333,5.0,14.377864532180958,343.7,255.0,282.96096355602083,27.233333333333334,14.5,35.37063201577549,13.4,8.5,14.763888843834591,12.266666666666667,9.0,11.779389754503658,1.5,0.5,2.776129779337439,15.133333333333333,6.5,28.755489231093602,44.3,39.5,35.80709812121151,16.833333333333332,7.0,22.689939033266114,16.766666666666666,14.5,18.1937528750437,52.13666666666666,50.0,26.47211263058611
Leicester City,27.22713631337861,26.75975359342916,4.462250955892221,20.23076923076923,21.5,9.717232907809475,14.807692307692308,15.0,9.968025805621616,1329.1923076923076,1408.0,824.5063016972408,1.1153846153846154,0.0,2.006527808467614,0.8461538461538461,0.0,1.189699380257305,3.1153846153846154,2.0,2.6431333387012175,0.0,0.0,0.0,1.1846153846153844,0.4,2.171578652997364,0.9192307692307692,0.4,1.1405329388559475,21.03846153846154,15.0,22.975605792632795,38.84615384615385,30.5,34.95905297080264,38.26923076923077,20.0,40.63944654377831,0.061153846153846156,0.0,0.09778862604932839,0.05653846153846154,0.0,0.08574111301784262,0.06769230769230769,0.045,0.08585139217544197,0.06692307692307692,0.025,0.08132744829486442,2.6333333333333333,2.19,1.207656132072923,55.26666666666667,61.3,13.317782598215565,6.0,3.7,7.422263805605403,25.0,25.0,,34.24090909090909,32.9,22.96277855866313,0.275,0.21500000000000002,0.2729725260900811,0.056363636363636366,0.0,0.0723447733686839,17.80909090909091,16.9,5.814424517313167,499.6923076923077,424.0,371.7056651955436,78.11153846153846,77.69999999999999,8.394823496563914,8378.461538461539,6483.0,6446.121694357123,88.78076923076924,89.05,6.9811757881187475,84.38846153846154,83.0,9.071375945161877,55.05769230769231,53.2,17.751646077520203,9.038461538461538,6.5,9.331584085162687,34.80769230769231,24.5,31.72004947129715,7.6923076923076925,5.5,8.446392038115354,2.4615384615384617,1.0,4.012288815434594,38.84615384615385,30.5,34.95905297080264,20.884615384615383,15.5,18.817708517408647,1.3634615384615385,1.325,0.9827876365021787,1.9230769230769231,1.0,2.365131318520423,0.12423076923076923,0.10500000000000001,0.1428054082147613,25.846153846153847,21.5,22.301017569056903,15.076923076923077,12.0,13.531956479158737,24.653846153846153,18.5,21.708878013738634,12.807692307692308,10.0,11.86598240608583,17.73076923076923,16.5,14.001593315927133,6.769230769230769,4.0,8.199061860031023,10.961538461538462,9.0,8.655545132368124,11.76923076923077,9.5,11.907334520564012,776.4230769230769,756.0,523.4231307901417,101.46153846153847,34.0,167.52294905934068,284.0769230769231,149.0,284.71149229729707,353.61538461538464,325.5,278.4136601423252,146.15384615384616,104.0,134.96449675605575,22.423076923076923,15.5,24.625471490995785,22.884615384615383,11.5,27.055981849604972,43.55833333333334,41.3,28.180318705061524,48.30416666666667,48.55,25.450386162042836,440.88461538461536,445.0,286.6084893261994,1097.0384615384614,1080.5,748.8048333588256,21.03846153846154,15.0,22.975605792632795,13.192307692307692,8.0,12.441926637845862,5.038461538461538,2.5,6.276819380742252,17.26923076923077,13.0,15.759588046158294,11.615384615384615,9.0,13.050906246163668,495.2692307692308,478.5,329.8464561206996,38.26923076923077,20.0,40.63944654377831,14.461538461538462,13.5,10.882024698486102,13.461538461538462,12.0,11.903716291077401,2.269230769230769,1.0,4.911681523125801,22.615384615384617,9.5,27.965803293418087,53.0,42.0,37.728503813429974,17.923076923076923,12.0,16.96566668757365,20.03846153846154,15.5,17.862767465834107,49.208333333333336,50.0,19.749296446833938
Liverpool,27.22258075030149,26.45722108145106,3.6896583726526484,25.19047619047619,28.0,8.92535180045609,18.333333333333332,20.0,11.921968517544965,1643.095238095238,1717.0,977.4990488364633,3.8095238095238093,1.0,6.493219907095768,2.857142857142857,2.0,3.9910614413425693,3.0476190476190474,3.0,2.2688364964490164,0.09523809523809523,0.0,0.30079260375911915,3.6761904761904765,1.7,5.513973590969108,2.676190476190476,1.2,3.1846357345707155,35.666666666666664,24.0,36.51620644773131,83.95238095238095,71.0,68.39990949590225,83.04761904761905,54.0,111.0078718787439,0.16523809523809524,0.04,0.23183224641147415,0.13904761904761903,0.16,0.13190544954264635,0.1842857142857143,0.07,0.20711280570190313,0.1304761904761905,0.11,0.10938355408726627,1.06,1.06,0.19798989873223322,69.5,69.5,2.6870057685088886,38.0,38.0,2.8284271247461903,50.0,50.0,70.71067811865476,31.494444444444444,32.8,15.156884369515053,0.48428571428571426,0.35,0.43508127319584133,0.07555555555555556,0.07500000000000001,0.07039570693980958,15.488888888888889,14.6,4.028850206563668,807.1428571428571,681.0,634.1773636542293,82.94285714285714,83.8,7.545566342467041,13712.952380952382,11124.0,11314.636509743434,91.29523809523809,91.7,5.919837513857637,86.79047619047618,88.3,9.57365681241524,60.27619047619047,60.8,15.250308349731972,22.428571428571427,12.0,22.809146035245224,69.57142857142857,41.0,71.30748307756447,19.047619047619047,8.0,23.236772991265788,3.7142857142857144,1.0,5.959386353835915,83.95238095238095,71.0,68.39990949590225,50.80952380952381,35.0,45.63180803739761,2.6233333333333335,2.54,1.506068834194949,6.523809523809524,4.0,6.630377422281839,0.32857142857142857,0.32,0.2381866015183414,28.476190476190474,26.0,23.93244460480176,17.61904761904762,16.0,14.667911202608877,28.952380952380953,20.0,28.308083987575337,13.761904761904763,9.0,14.320980280360565,15.952380952380953,9.0,14.796878692738515,4.190476190476191,2.0,4.718252299517774,11.761904761904763,9.0,12.879847677301008,13.095238095238095,7.0,15.952757635922266,1139.4285714285713,860.0,817.5648947593439,102.33333333333333,32.0,159.90288719511392,314.6190476190476,187.0,329.93703584024576,513.4761904761905,307.0,469.2663016931451,321.23809523809524,218.0,285.0820767361401,57.38095238095238,44.0,73.48841826470087,29.285714285714285,19.0,35.421946385176035,54.8,49.0,20.754859925480485,38.22,44.35,18.673471190857622,655.0,550.0,456.14197351263346,1773.3809523809523,1598.0,1235.2182186233524,35.666666666666664,24.0,36.51620644773131,24.285714285714285,19.0,21.185237447672982,14.047619047619047,6.0,26.175324621628267,23.047619047619047,19.0,25.32879031946885,14.952380952380953,11.0,16.169341948503007,798.2380952380952,606.0,570.0718292252218,83.04761904761905,54.0,111.0078718787439,19.047619047619047,16.0,16.478701983093785,15.666666666666666,12.0,13.547447484058882,2.619047619047619,1.0,4.3985928485845385,32.095238095238095,6.0,45.267985112996534,70.71428571428571,66.0,48.99096126546494,18.095238095238095,9.0,26.134086480886914,16.285714285714285,12.0,13.126853610606226,50.22380952380953,42.9,21.815955279609113
Manchester City,27.006297056810403,26.698151950718685,4.913657681094599,19.88,23.0,8.973665174646683,15.36,17.0,8.625929901562305,1381.36,1494.0,766.2823065511386,2.64,1.0,4.4147480109288235,1.92,0.0,2.564501251055781,2.32,2.0,1.74928556845359,0.04,0.0,0.2,2.52,1.3,4.175424130153328,2.028,1.5,2.249355463238303,41.64,35.0,45.442161040161814,70.28,64.0,60.42179518462964,69.6,26.0,78.21764506810467,0.1784,0.06,0.24563998045920782,0.102,0.0,0.1414213562373095,0.16079999999999997,0.07,0.21779041913423708,0.1164,0.07,0.12195900950729306,1.2850000000000001,1.2850000000000001,0.26162950903902243,68.25,68.25,0.3535533905932738,29.9,29.9,6.929646455628164,0.0,0.0,0.0,31.45,32.05,21.18042110287796,0.4636,0.33,0.5136704520734411,0.13272727272727272,0.10500000000000001,0.21026472697829138,17.027272727272727,17.85,4.8395377404381845,793.52,676.0,591.8990707882552,86.50399999999999,87.7,6.956800030665439,12871.28,10078.0,9746.228939612147,92.12799999999999,94.4,6.126072695183,89.516,91.9,7.833990043394236,59.776,64.3,12.408843620579638,17.24,9.0,16.845573107891976,62.0,42.0,64.94548996402034,15.88,11.0,16.20267467632016,2.32,1.0,3.171750305430741,70.28,64.0,60.42179518462964,39.76,33.0,33.935330655036594,2.3836,2.08,1.746314881877454,4.64,3.0,4.55411901469428,0.2756,0.26,0.2381015189647755,18.44,15.0,17.05891751157343,11.2,7.0,10.889597482613091,16.88,13.0,15.738276059763768,8.84,6.0,8.547319267856247,12.44,11.0,9.600694419328912,3.28,1.0,4.817675788178362,9.16,9.0,7.098591409568521,8.2,5.0,8.582928793055823,1033.8,892.0,699.0405925266429,78.52,39.0,139.2913971978648,241.56,197.0,242.91049105929258,447.28,331.0,395.86745677478126,353.4,324.0,278.85524918853514,48.52,22.0,51.75995878411548,29.68,21.0,41.02206723216176,47.89565217391304,45.7,26.413744326165936,37.56086956521739,36.1,23.65776326802367,664.68,590.0,466.34525121773606,2051.96,1714.0,1583.7090294621673,41.64,35.0,45.442161040161814,31.16,23.0,27.549470654321716,14.48,3.0,23.368639954719946,17.4,14.0,15.124483462254172,14.88,13.0,14.509537093466031,783.04,630.0,543.7994023534781,69.6,26.0,78.21764506810467,10.64,11.0,8.18474190185616,13.88,12.0,11.47214016650773,1.68,0.0,2.461706725018234,23.6,8.0,32.247738938825876,53.0,46.0,35.29046141192641,11.12,5.0,13.488637193331776,11.96,8.0,11.11860302975753,45.18,47.3,20.939854345243187
Manchester Utd,25.48957335158567,25.732375085557837,5.089716905108496,17.666666666666668,20.0,11.454056150501906,12.833333333333334,11.5,10.780196829286602,1149.6666666666667,1071.0,931.0153276020138,1.3333333333333333,0.0,2.264163594268134,0.9333333333333333,0.0,1.99885024422806,2.6,2.0,2.4719111690322144,0.1,0.0,0.40257789993644877,1.6033333333333333,0.7,2.26768655216072,1.2,0.35,1.707589549325457,21.066666666666666,10.0,31.189004841265866,43.2,22.0,55.750923913791596,42.7,14.5,64.32576037852846,0.07433333333333333,0.0,0.1170524000942146,0.044000000000000004,0.0,0.08528249203837716,0.12666666666666665,0.06,0.16103829772241549,0.081,0.06,0.08742878875661195,2.65,2.65,1.9091883092036783,51.15,51.15,25.24371208835975,13.65,13.65,19.30401512639275,25.0,25.0,,26.454166666666666,26.8,16.521290063500455,0.366,0.185,0.45842007538636587,0.05375,0.02,0.06863973370780413,15.799999999999999,16.05,5.37069342134579,512.8666666666667,286.0,464.77074313919644,81.94666666666667,82.6,7.597537411072335,8413.766666666666,3685.5,8136.406631598045,90.26,90.9,4.877859903828657,84.87333333333332,86.55,8.86391107470229,57.906666666666666,54.85,18.43607657665345,12.2,6.0,17.307363392100104,33.93333333333333,18.0,39.777773496864,9.933333333333334,5.0,14.694435572066359,2.2,1.0,2.9290459786127605,43.2,22.0,55.750923913791596,28.266666666666666,14.5,35.942418828792924,2.1653333333333333,1.83,1.4409856141647925,2.2,0.5,3.9163670709578233,0.117,0.015,0.20710067516831618,25.1,13.0,27.822528703341757,15.133333333333333,8.5,17.010611968422236,22.033333333333335,10.0,24.512464574991842,9.933333333333334,5.0,12.224715872400452,11.6,8.0,11.18064830641426,3.2666666666666666,1.0,4.784553691096852,8.333333333333334,6.0,8.667550794867555,11.466666666666667,5.0,12.721779677424049,756.2666666666667,517.0,662.1173421023221,79.2,22.5,182.86897514057856,265.8333333333333,126.5,314.013736063857,319.6,206.0,307.20975649018476,177.86666666666667,78.0,219.1376096292532,29.033333333333335,17.0,37.52836475147219,19.5,5.5,25.45686006046172,47.67777777777778,46.9,28.76123637726164,46.766666666666666,50.0,27.135698882581845,461.8333333333333,310.0,401.0441615835217,1155.9333333333334,744.5,1107.4359305304688,21.066666666666666,10.0,31.189004841265866,14.8,9.5,18.162864729232936,7.0,1.0,15.25190773821991,15.7,9.5,17.765037340915946,11.066666666666666,4.5,13.801382572754813,508.0,385.0,438.9121347934749,42.7,14.5,64.32576037852846,12.533333333333333,9.0,11.667027909021433,11.3,7.0,11.567344045884607,2.066666666666667,0.5,3.161550616208852,19.033333333333335,6.0,35.196476443288866,53.1,31.5,51.33483726711694,14.633333333333333,8.5,15.979476779948696,15.166666666666666,10.0,17.60502148846162,48.27241379310345,50.0,21.342829116117738
Newcastle Utd,27.971014492753625,27.476386036960985,4.724816243214408,23.217391304347824,27.0,10.144216989986017,16.73913043478261,14.0,12.588657922923923,1502.8695652173913,1503.0,1050.9113060208888,2.782608695652174,0.0,5.1870163234677555,2.0869565217391304,1.0,2.8430624250215066,2.608695652173913,2.0,3.026235742105763,0.043478260869565216,0.0,0.20851441405707474,2.634782608695652,0.5,4.43699413973553,1.8826086956521737,0.9,2.277489082682753,29.82608695652174,14.0,33.44011224142897,63.17391304347826,59.0,62.65029360296366,62.69565217391305,22.0,71.58557166878145,0.16086956521739132,0.0,0.2581034507796202,0.10304347826086957,0.04,0.12679384780775932,0.14304347826086958,0.12,0.16196056710336218,0.0973913043478261,0.08,0.09031346377551043,1.26,1.26,0.08485281374238578,70.4,70.4,0.42426406871193956,39.0,39.0,15.556349186104045,50.0,50.0,,23.595238095238095,25.6,16.416256460913257,0.3830434782608696,0.3,0.40777037636627955,0.08476190476190476,0.05,0.10740665936612345,15.638095238095238,15.0,3.6399829931575494,616.8695652173913,479.0,528.14007304776,79.71304347826087,81.8,6.826839036134985,10418.652173913044,6849.0,9383.7411206284,87.73478260869565,88.6,7.614078389622749,85.29565217391304,86.8,11.200262913345526,54.26190476190476,52.3,12.648931820137074,15.826086956521738,8.0,16.58765196248277,45.608695652173914,26.0,48.60764916463511,15.478260869565217,8.0,18.7734570004311,2.8260869565217392,0.0,4.657859183564167,63.17391304347826,59.0,62.65029360296366,37.130434782608695,32.0,35.94352179313096,2.063913043478261,1.89,1.3870922468191402,4.826086956521739,3.0,5.382228111724764,0.2217391304347826,0.23,0.21126571321685794,24.434782608695652,22.0,22.0223565887786,14.956521739130435,15.0,13.692991773729181,24.0,27.0,22.207697273283834,11.608695652173912,9.0,10.760783726251637,17.130434782608695,17.0,14.194443047852747,5.6521739130434785,3.0,7.189693985472754,11.478260869565217,9.0,10.290638133837037,11.043478260869565,6.0,11.845514152353068,923.6521739130435,773.0,736.155221323209,91.73913043478261,26.0,145.62130756654847,301.7391304347826,122.0,343.4360093090394,387.82608695652175,232.0,354.65753675827426,243.1304347826087,133.0,228.0706239000674,43.0,33.0,46.88768010314165,26.956521739130434,8.0,30.859620955766726,43.07142857142857,45.3,16.940252148570366,44.98095238095238,46.9,16.69819208919394,525.5217391304348,498.0,429.8606401619882,1429.9565217391305,1519.0,1147.0369922805799,29.82608695652174,14.0,33.44011224142897,18.434782608695652,14.0,17.450777755411785,10.73913043478261,4.0,15.91516541285629,19.130434782608695,11.0,17.67459488497052,17.956521739130434,8.0,20.318997516586574,612.304347826087,567.0,506.39998876046667,62.69565217391305,22.0,71.58557166878145,15.826086956521738,9.0,16.94282410159385,18.217391304347824,11.0,24.096315300626227,3.0869565217391304,2.0,4.31606979763114,27.52173913043478,10.0,39.354876751308375,66.52173913043478,49.0,58.23765539518958,19.304347826086957,7.0,29.006950237061048,18.434782608695652,14.0,19.699621793685004,49.52173913043478,50.0,24.045032685316624
Nott'ham Forest,27.130504220853297,26.862422997946613,3.6075113873877074,25.238095238095237,31.0,10.577829464993101,18.095238095238095,20.0,13.326307672813059,1628.5238095238096,1874.0,1099.9405265307585,2.5238095238095237,1.0,4.226334672254998,1.8095238095238095,1.0,2.542027687084616,3.8095238095238093,3.0,3.2957403966187573,0.047619047619047616,0.0,0.21821789023599236,2.0095238095238095,1.4,2.636267202296603,1.4238095238095239,1.1,1.4655731854481926,27.38095238095238,13.0,34.30958494426331,47.38095238095238,36.0,44.40436486481503,47.61904761904762,20.0,58.69112044464323,0.12285714285714286,0.07,0.16016063365080876,0.0838095238095238,0.05,0.10273637089542292,0.11523809523809524,0.07,0.132462034093511,0.07714285714285715,0.06,0.07849476779651349,1.2,1.2,,74.3,74.3,,37.1,37.1,,0.0,0.0,,38.46842105263158,34.0,26.687576232138408,0.43285714285714283,0.27,0.40898829881969556,0.08263157894736842,0.08,0.08102414628184461,18.605263157894736,18.6,6.073116871756355,458.0952380952381,472.0,345.8939006056488,73.58095238095238,76.1,8.65491877764425,7851.571428571428,6909.0,6435.475223877632,85.94285714285714,87.7,7.799523794987192,77.50952380952381,81.5,11.962311848547703,45.37619047619047,45.7,15.863193397355555,14.619047619047619,12.0,15.32473879214974,40.95238095238095,29.0,38.89148517410487,10.333333333333334,9.0,10.81819455054,2.6666666666666665,1.0,3.5962943891363137,47.38095238095238,36.0,44.40436486481503,34.476190476190474,29.0,32.79728502120114,1.871904761904762,1.73,1.3040959284025813,3.9047619047619047,2.0,4.979003533888703,0.1995238095238095,0.14,0.21937356701472016,29.904761904761905,21.0,25.972879628383065,18.095238095238095,13.0,15.984069450251903,28.761904761904763,20.0,27.243173019868227,14.333333333333334,8.0,14.423360680969374,19.0,11.0,18.143869488066763,7.0476190476190474,4.0,10.254151308012723,11.952380952380953,9.0,10.566343693426742,13.904761904761905,12.0,11.458205626993966,814.7142857142857,1000.0,570.2475903374905,109.23809523809524,36.0,180.20069499363888,281.85714285714283,175.0,294.6060565762839,324.42857142857144,290.0,269.1313009347986,218.76190476190476,158.0,209.15972479469002,33.95238095238095,21.0,32.12238501493342,26.38095238095238,13.0,28.247966635629176,49.33888888888889,45.0,24.382229278209227,39.28888888888889,39.1,21.944767268246803,372.3809523809524,400.0,275.33860539170246,1143.6666666666667,864.0,1015.9474067752391,27.38095238095238,13.0,34.30958494426331,17.142857142857142,11.0,18.000793633297715,8.285714285714286,2.0,12.888533109484792,24.666666666666668,18.0,24.22051472065227,13.857142857142858,10.0,13.550962011184719,455.8095238095238,512.0,334.84961087742346,47.61904761904762,20.0,58.69112044464323,17.428571428571427,12.0,14.211162614548567,18.142857142857142,10.0,17.214196798821938,3.9523809523809526,1.0,6.399032664990783,24.80952380952381,5.0,38.76547310122637,68.57142857142857,50.0,55.184754623511225,25.142857142857142,14.0,27.03754004025831,24.238095238095237,20.0,27.63133142268892,51.03809523809524,44.8,21.122960876507733
Southampton,26.98463499256532,26.985626283367555,4.22583199774863,18.655172413793103,20.0,10.379498549919608,13.241379310344827,13.0,9.840351229263666,1184.3103448275863,1178.0,856.2372878492552,0.8275862068965517,0.0,1.0713464664764276,0.5172413793103449,0.0,0.8289705171033536,2.8620689655172415,2.0,2.9486575387433813,0.10344827586206896,0.0,0.4092525928189875,1.0724137931034483,0.5,1.3879317994062084,0.8103448275862069,0.5,0.9220880139220546,20.620689655172413,10.0,26.91045175750685,36.44827586206897,24.0,39.45755966577666,35.3448275862069,20.0,38.70610496519063,0.05137931034482759,0.0,0.07637894894776003,0.04310344827586207,0.0,0.09721491097694919,0.07758620689655173,0.04,0.08958855046480124,0.05448275862068966,0.03,0.05871153493969792,2.41,2.33,0.16522711641858312,67.46666666666665,67.1,2.6689573494781276,2.466666666666667,0.0,4.2723919920032305,14.3,14.3,20.22325394193526,25.888,30.0,22.6140502048321,0.21586206896551724,0.14,0.28653742265414617,0.0704,0.05,0.09650043177796322,17.312,18.1,6.087303727157589,499.7931034482759,257.0,481.21352398392196,80.85172413793103,80.2,8.16073441590256,8476.620689655172,4218.0,8576.582746116615,89.59655172413794,90.9,7.081892541576959,85.36206896551724,89.5,10.849009625408982,53.69642857142857,55.25,17.126943947905854,8.827586206896552,5.0,9.449372486789198,32.241379310344826,13.0,39.48386213958974,7.0,5.0,7.764387566686396,1.8620689655172413,1.0,2.6011554840525677,36.44827586206897,24.0,39.45755966577666,20.03448275862069,15.0,20.125468510288666,1.4058620689655172,1.37,0.8520585042010207,1.3793103448275863,1.0,1.8787114334687767,0.10758620689655173,0.06,0.1402715522634017,20.413793103448278,13.0,19.72945086734787,11.827586206896552,7.0,11.313926202179966,18.24137931034483,13.0,14.495455377496262,9.379310344827585,10.0,7.017395696733368,13.379310344827585,8.0,14.915030274150226,5.896551724137931,2.0,9.135272408113693,7.482758620689655,5.0,8.00277045624635,9.620689655172415,5.0,12.263225493620721,726.7931034482758,457.0,636.273378987273,93.65517241379311,42.0,170.63940171812376,265.3448275862069,161.0,322.22610471775306,313.41379310344826,198.0,308.40204710750305,154.3448275862069,131.0,149.2857461050712,21.862068965517242,15.0,20.864741513463457,22.82758620689655,6.0,32.3817287166668,47.38461538461539,43.349999999999994,27.490663030311833,42.888461538461534,44.95,27.786965677066316,406.8965517241379,253.0,363.2547654615723,1101.344827586207,599.0,1119.5630294214302,20.620689655172413,10.0,26.91045175750685,15.241379310344827,9.0,18.795240986586006,5.103448275862069,1.0,7.589206751255397,14.931034482758621,10.0,15.028380376766103,11.137931034482758,5.0,13.765184182076984,494.3448275862069,349.0,436.3488345563893,35.3448275862069,20.0,38.70610496519063,14.758620689655173,12.0,13.428794149709455,13.655172413793103,8.0,15.764507744725094,1.5172413793103448,0.0,2.6270663928633997,17.620689655172413,6.0,26.858642920061865,46.0,23.0,44.260591952661464,14.620689655172415,8.0,20.917207190498598,12.655172413793103,8.0,13.743247334259845,54.45172413793103,54.5,22.802124285276193
Tottenham,25.69431407059744,25.991444216290212,4.455353846746609,18.678571428571427,20.0,9.699383605572176,13.75,15.0,8.32499582916145,1235.357142857143,1276.0,717.5928492916421,2.142857142857143,0.5,3.2170182388675306,1.6428571428571428,1.0,2.3603873774083293,2.357142857142857,2.0,2.3287937700192396,0.03571428571428571,0.0,0.1889822365046136,2.025,0.6499999999999999,2.8822091578561104,1.5250000000000001,0.75,2.0047397540532494,28.464285714285715,16.5,29.118508995784214,54.892857142857146,47.0,47.48671493415917,54.5,31.0,68.84147113585058,0.13,0.03,0.1916400947764479,0.11357142857142857,0.060000000000000005,0.14939914932858828,0.1357142857142857,0.06,0.17010734239446554,0.10285714285714286,0.07500000000000001,0.11054937368055968,1.83,1.875,0.31166221030682145,60.05,60.6,8.53795447789848,14.175,15.85,10.464662759337573,0.0,0.0,,32.9125,34.15,19.255791054392827,0.3875,0.28500000000000003,0.39572366901945893,0.07458333333333333,0.055,0.08091751928684067,16.408333333333335,16.9,5.073196116904975,561.1428571428571,679.5,381.3057210560221,80.05357142857143,83.05,8.510145672377142,9319.17857142857,10200.0,6553.153185347869,89.59642857142856,91.05,7.068997631434568,84.99642857142858,89.9,11.297737634649495,53.824999999999996,53.650000000000006,14.88844008444633,13.035714285714286,6.5,17.546725225453503,43.5,37.5,39.67880299867182,12.892857142857142,7.5,16.522351383447067,2.9285714285714284,1.0,5.05472695110869,54.892857142857146,47.0,47.48671493415917,30.25,16.5,36.32224601474358,1.885,1.57,1.529586000633287,3.6785714285714284,2.0,4.57087050165033,0.24071428571428571,0.19,0.24820732927711522,22.035714285714285,13.5,20.840633641566914,13.964285714285714,8.0,14.00920898937326,19.928571428571427,14.0,17.861459795653488,9.892857142857142,8.0,8.659566688818511,14.607142857142858,12.5,12.356852307193726,5.071428571428571,4.5,5.227623009364995,9.535714285714286,8.5,9.343177914659098,10.392857142857142,7.5,10.816103514579325,818.9285714285714,888.5,529.0486870104803,84.32142857142857,49.0,117.65393496478735,266.64285714285717,219.0,231.43853104181605,345.89285714285717,370.0,263.824343819016,214.39285714285714,159.5,227.64028467375718,34.607142857142854,23.5,42.2613905624878,27.5,18.5,29.646684906173338,44.3,42.15,25.462929917823676,42.62692307692308,48.55,24.18069573345329,510.07142857142856,582.5,318.7143070585466,1412.142857142857,1486.0,884.5636595095165,28.464285714285715,16.5,29.118508995784214,19.142857142857142,18.0,17.152290173649064,8.392857142857142,4.0,11.89565524704771,17.75,15.0,18.205870034241805,14.214285714285714,10.5,16.31939800736385,556.3928571428571,619.0,349.2719771484165,54.5,31.0,68.84147113585058,14.535714285714286,9.5,13.281795234684378,16.428571428571427,10.5,15.276291413987863,2.107142857142857,1.0,3.1545297908021412,25.892857142857142,11.5,42.08838960666635,55.642857142857146,53.5,41.65040952687757,14.178571428571429,9.0,14.02128955718984,14.392857142857142,10.0,14.18486226441122,52.81785714285714,52.0,24.74689735242438
West Ham,28.627405886379194,28.347707049965777,5.015371328440418,21.56,20.0,8.52975185258438,15.4,14.0,10.862780491200215,1381.52,1070.0,914.3885078747071,1.48,0.0,2.5999999999999996,0.96,1.0,1.5132745950421556,2.96,2.0,2.6532998322843198,0.12,0.0,0.33166247903553997,1.776,1.2,2.2548614148102315,1.26,1.1,1.40356688476182,22.92,11.0,30.369831521868317,45.0,31.0,41.31182235954577,44.64,25.0,57.79120463646119,0.084,0.0,0.12529964086141668,0.07440000000000001,0.03,0.13635370670918096,0.13720000000000002,0.07,0.15915191903754514,0.1008,0.08,0.09720768145230772,1.685,1.685,0.00707106781186556,68.75,68.75,8.2731493398826,17.049999999999997,17.049999999999997,0.4949747468305815,0.0,0.0,,23.791304347826088,26.9,13.969476890169517,0.3836,0.23,0.40923587330535927,0.04695652173913044,0.0,0.06182341293839882,17.791304347826088,16.7,5.591707581400276,533.44,517.0,408.4354375744919,78.42,79.9,7.804966367640543,9381.76,8610.0,7369.592759440646,88.676,89.7,6.967859546996236,83.25200000000001,85.6,10.62470078010043,54.144,53.7,15.906159184416584,12.2,9.0,12.382783747337808,39.32,37.0,33.53445988829998,10.0,4.0,12.69514342836136,2.6,1.0,3.5823642100341124,45.0,31.0,41.31182235954577,30.16,19.0,30.764806733235517,2.1908,2.31,1.4840426768346882,2.28,1.0,3.195309061734091,0.1344,0.1,0.1664351725647757,23.6,17.0,20.816659994661325,14.0,11.0,12.328828005937952,19.68,21.0,15.691611347043576,9.24,8.0,7.742092740338364,16.64,14.0,13.409822270758598,6.28,4.0,8.228608630868283,10.36,9.0,8.040936927166303,12.24,8.0,14.774076395272001,830.56,668.0,599.2430697694106,107.88,39.0,177.8879141482074,304.12,196.0,314.9534780460971,355.88,366.0,288.75109235002617,178.52,118.0,184.7340701296506,30.88,23.0,38.860133813459775,28.8,11.0,45.46885380858711,49.4,47.6,20.514406390759092,38.7875,45.7,20.995616778581272,421.8,321.0,318.08830010968126,1077.4,714.0,937.0678114914274,22.92,11.0,30.369831521868317,14.56,10.0,16.61846362734333,6.48,2.0,13.165991543872924,18.28,12.0,19.688236758701038,14.68,6.0,22.253688832790544,529.56,459.0,390.62184185390004,44.64,25.0,57.79120463646119,16.28,15.0,14.261019131417875,15.12,11.0,17.678423760807032,2.8,1.0,4.281744192888376,22.4,13.0,27.519689920733725,57.16,43.0,47.967593227094476,21.68,10.0,27.425231691515997,20.84,12.0,19.484352696458767,51.14,50.0,16.743232463695097
Wolves,27.859000684462696,27.378850102669404,3.996196284623994,21.875,25.0,9.79490772755437,16.0,14.0,11.135528725660043,1436.6666666666667,1252.0,903.1366436489271,2.0833333333333335,0.5,3.877658041145193,1.625,1.0,2.203011772452707,3.0833333333333335,2.0,2.764946208560283,0.08333333333333333,0.0,0.28232985128663995,1.6875,0.75,2.451851562994082,1.3416666666666668,0.9,1.7636219319458974,22.583333333333332,11.0,27.60106593194745,44.0,29.5,41.273214811419344,43.375,27.0,47.61696126381859,0.11708333333333333,0.035,0.16522656820432877,0.09625,0.035,0.12903698492393906,0.10666666666666667,0.07500000000000001,0.11686732226971214,0.07625,0.05500000000000001,0.0761470259774956,1.3666666666666665,1.67,1.2430741463538422,74.5,62.0,22.085062825357777,41.96666666666667,25.9,51.89993577388447,16.65,16.65,23.546655813512032,30.59047619047619,28.6,17.021307375225465,0.335,0.21500000000000002,0.39930374185683454,0.0980952380952381,0.07,0.11775478961040386,18.047619047619047,18.1,5.670856994107598,540.9166666666666,449.5,417.37637239293275,77.05,80.25,9.371000596196387,9238.25,8035.0,6612.640288640879,88.81666666666666,90.7,7.179176812848735,85.47500000000001,86.6,9.681055008983089,51.51666666666667,52.65,16.044683981243477,11.875,9.5,12.463206719746346,37.625,25.0,33.49602507241977,10.375,4.0,12.596799110333027,2.6666666666666665,1.0,3.4599153880916833,44.0,29.5,41.273214811419344,28.291666666666668,20.5,28.08446757267404,1.70625,1.6749999999999998,1.099168905404759,3.75,3.0,4.131006825376152,0.24208333333333332,0.16999999999999998,0.24028930328951872,30.75,21.0,28.343007726007517,18.125,11.5,17.62239805030741,25.708333333333332,19.0,23.718419125167287,11.708333333333334,7.5,13.245111211858237,17.291666666666668,14.5,12.868833826651542,5.625,4.0,6.034772428258548,11.666666666666666,9.5,10.51155334016759,11.583333333333334,9.0,9.925446728164086,840.7916666666666,725.5,585.4083657671326,100.375,51.0,148.88011298853272,299.5833333333333,238.5,257.50726738021046,377.25,293.5,319.5905328629936,174.16666666666666,121.5,185.93586240297012,27.125,20.5,31.679526374369104,27.208333333333332,14.0,34.5580534459193,44.13809523809524,45.6,22.43453757469666,42.95238095238095,41.7,22.981636561559732,461.3333333333333,386.0,315.0738583759117,1274.6666666666667,988.0,929.5227230969789,22.583333333333332,11.0,27.60106593194745,17.166666666666668,12.5,21.664771377528535,5.458333333333333,2.5,8.576911203755198,22.083333333333332,16.0,22.732693688140888,13.833333333333334,10.5,15.23915627775931,536.5,466.0,379.3030221454815,43.375,27.0,47.61696126381859,18.958333333333332,14.5,17.588235115916365,16.208333333333332,9.0,17.06249170515273,2.4166666666666665,1.0,3.282584700939273,20.75,9.5,30.341892406087805,62.916666666666664,42.5,51.304645663591394,17.083333333333332,9.5,17.445359833209086,18.25,15.5,19.627509532153656,48.4,41.2,25.21329876836049
